{"Diamond":{"name":"Diamond","vertices":[0,0.5,0.15,0,0,-0.5,-0.15,0],"edgeVertices":[0,2],"width":1,"thickness":0.3},"HallowGround":{"name":"HallowGround","vertices":[0,0.5,0.03,0.25,0.06,0.1,0.15,0,0.06,-0.1,0.03,-0.25,0,-0.5,-0.03,-0.25,-0.06,-0.1,-0.15,0,-0.06,0.1,-0.03,0.25],"edgeVertices":[0,6],"width":1,"thickness":0.3},"Hexagonal":{"name":"Hexagonal","vertices":[0,0.5,0.01,0.4,0.01,-0.4,0,-0.5,-0.01,0.4,-0.01,-0.4],"edgeVertices":[0,4],"width":1,"thickness":0.02},"ThickenedDiamond":{"name":"ThickenedDiamond","vertices":[0,0.5,0.5,0,0,-0.5,-0.5,0],"edgeVertices":[0,2],"width":1,"thickness":1.3},"Lenticular":{"name":"Lenticular","vertices":[0,0.5,0.04,0.4,0.1,0.1,0.15,0.03,0.15,-0.03,0.1,-0.1,0.04,-0.4,0,-0.5,-0.04,-0.4,-0.1,-0.1,-0.15,-0.03,-0.15,0.03,-0.1,0.1,-0.04,0.4],"edgeVertices":[0,7],"width":1,"thickness":0.3},"Fuller":{"name":"Fuller","vertices":[0,0.5,0.10000000000000009,0.4,0.050000000000000044,0,0.10000000000000009,-0.3999999999999999,0,-0.5,-0.09999999999999998,-0.3999999999999999,-0.050000000000000044,0,-0.09999999999999998,0.4,0.08000000000000007,-0.3999999999999999,0.09499999999999997,-0.2549999999999999,0.16500000000000004,-0.11499999999999999,0.07499999999999996,0,0.16500000000000004,0.11499999999999999,0.11499999999999999,0.265,0.08000000000000007,0.4,0,0.5,-0.07999999999999996,0.4,-0.11499999999999999,0.265,-0.16500000000000004,0.11499999999999999,-0.07499999999999996,0,-0.16500000000000004,-0.11499999999999999,-0.09499999999999997,-0.2549999999999999,-0.07999999999999996,-0.3999999999999999,0,-0.5],"edgeVertices":[0,4,7,15],"width":1,"thickness":0.33000000000000007},"DoubleFuller":{"name":"DoubleFuller","vertices":[0,0.5,0.04,0.4,0.1,0.1,0.05,0.07,0.15,0.03,0.15,-0.03,0.05,-0.07,0.1,-0.1,0.04,-0.4,0,-0.5,-0.04,-0.4,-0.1,-0.1,-0.05,-0.07,-0.15,-0.03,-0.15,0.03,-0.05,0.07,-0.1,0.1,-0.04,0.4],"edgeVertices":[0,7],"width":1,"thickness":0.3},"BroadFuller":{"name":"BroadFuller","vertices":[0,0.5,0.10000000000000009,0.4,0.050000000000000044,0,0.10000000000000009,-0.3999999999999999,0,-0.5,-0.09999999999999998,-0.3999999999999999,-0.050000000000000044,0,-0.09999999999999998,0.4],"edgeVertices":[0,4],"width":1,"thickness":0.20000000000000007}}