{
    "vertices":[-1,4.37114e-08,1,1,4.37114e-08,1,-1,-4.37114e-08,-1,1,-4.37114e-08,-1],
    "faces":[33,0,1,3,2,0,0,0,0],
    "uvs":[],
    "normals":[0,1,-4.37114e-08],
    "metadata":{
        "faces":1,
        "generator":"io_three",
        "uvs":0,
        "vertices":4,
        "type":"Geometry",
        "normals":1,
        "version":3
    }
}